row,flag_DC,participant,Cond,Student,Major,CS3,Male,Age,@#B,@$B,@#ActuallyCorrect,Income,TaxOnIncome,IncomeMinusTax,Deduction1,Deduction2,SumDeduction,FinalPayment,OverReport,CheatedOnMatrixTax,Deductions,order_C,order_D,order_E,order_F,order_G,order_H,order_I,order_J,order_K,order_M,order_P,order_Q,order_R,order_S,order_T,order_W,order_X,order_Y,order_Z
1,0,2,0,1,Business,4,1,21,3,3,3,3,0.6,2.4,1.5,4,5.5,7.9,0,0,5.5,NA,NA,NA,NA,NA,NA,NA,NA,NA,14,33,16,33,33,1,3,3,3,3
2,0,3,0,1,Clinical Laboratory Science,4,0,21,12,12,8,12,2.4,9.6,5,6,11,20.6,4,1,11,NA,NA,NA,NA,NA,NA,NA,NA,NA,2,2,2,19,19,2,2,2,2,2
3,0,10,0,1,Dramatic Arts & Communication,3,0,20,7,7,3,7,1.4,5.6,4,7,11,16.6,4,1,11,NA,NA,3,NA,NA,NA,NA,NA,NA,15,3,33,20,20,3,1,1,1,1
4,0,13,0,1,Library Science,5,0,26,15,15,12,15,3,12,10,12,22,34,3,1,22,NA,NA,1,NA,NA,NA,NA,NA,NA,3,4,3,21,21,4,NA,NA,NA,NA
5,0,15,0,1,Environmental Sciences,5,1,22,17,17,15,17,3.4,13.6,12,12,24,37.6,2,1,24,NA,NA,2,NA,NA,NA,NA,NA,NA,16,5,4,22,22,5,NA,NA,NA,NA
6,0,19,0,1,Psychology,3,0,20,8,8,8,8,1.6,6.4,1.5,1.5,3,9.4,0,0,3,NA,NA,4,NA,NA,NA,NA,NA,NA,17,6,17,23,23,6,NA,NA,NA,NA
7,0,21,0,1,Psychology,5,1,23,7,7,7,7,1.4,5.6,3,5,8,13.6,0,0,8,NA,NA,NA,NA,NA,NA,NA,NA,NA,18,7,18,24,24,7,NA,NA,NA,NA
8,0,24,0,1,African American Studies,4,0,23,16,16,1,16,3.2,12.8,8,2.5,10.5,23.3,15,1,10.5,NA,NA,NA,NA,NA,NA,NA,NA,NA,4,8,5,25,25,8,NA,NA,NA,NA
9,0,29,0,0,NA,NA,1,23,4,4,2,13,2.6,10.4,4,5,9,19.4,2,1,9,NA,NA,NA,NA,NA,NA,NA,NA,NA,19,9,32,26,26,9,NA,NA,NA,NA
10,0,32,0,1,English,4,0,21,15,15,8,15,3,12,6,4,10,22,7,1,10,3,3,NA,NA,NA,NA,NA,NA,NA,5,10,6,27,27,10,NA,NA,NA,NA
11,0,33,0,1,Chemistry,2,1,19,17,17,17,17,3.4,13.6,3,0,3,16.6,0,0,3,1,1,NA,NA,NA,NA,NA,NA,NA,20,11,19,28,28,11,NA,NA,NA,NA
12,0,39,0,1,Business,3,0,20,18,18,15,18,3.6,14.4,4,6,10,24.4,3,1,10,2,2,NA,NA,NA,NA,NA,NA,NA,6,12,7,29,29,12,NA,NA,NA,NA
13,0,41,0,1,Communications,3,0,19,10,10,8,10,2,8,3,5,8,16,2,1,8,NA,NA,NA,NA,NA,NA,NA,NA,NA,21,13,20,30,30,13,NA,NA,NA,NA
14,0,45,0,1,Business,3,1,20,13,13,13,13,2.6,10.4,2.5,2,4.5,14.9,0,0,4.5,NA,NA,NA,NA,NA,NA,NA,NA,NA,22,14,21,31,31,14,NA,NA,NA,NA
15,0,47,0,1,Psychology,3,0,20,4,4,2,4,0.8,3.2,3,6,9,12.2,2,1,9,NA,NA,NA,NA,NA,NA,NA,NA,NA,23,15,22,32,32,15,NA,NA,NA,NA
16,0,50,0,1,Accounting,5,1,28,12,12,12,12,2.4,9.6,3,4,7,16.6,0,0,7,NA,NA,NA,NA,NA,NA,NA,NA,NA,24,16,29,2,2,16,NA,NA,NA,NA
17,0,53,0,1,Math,4,0,22,10,10,10,10,2,8,4,0,4,12,0,0,4,NA,NA,NA,NA,NA,NA,NA,NA,NA,25,17,31,3,3,17,NA,NA,NA,NA
18,0,56,0,1,Political Science,3,1,20,16,16,12,16,3.2,12.8,9,4,13,25.8,4,1,13,NA,NA,NA,NA,NA,NA,NA,NA,NA,7,18,8,4,4,18,NA,NA,NA,NA
19,0,59,0,1,English,4,0,22,6,6,6,6,1.2,4.8,4,0,4,8.8,0,0,4,NA,NA,NA,NA,NA,NA,NA,NA,NA,26,19,23,5,5,19,NA,NA,NA,NA
20,0,62,0,0,NA,NA,1,23,11,11,11,11,2.2,8.8,3,5,8,16.8,0,0,8,NA,NA,NA,NA,NA,NA,NA,NA,NA,8,20,9,6,6,20,NA,NA,NA,NA
21,0,65,0,1,Public Policy,3,0,19,12,12,9,12,1.4,10.6,4,2,6,16.6,3,1,6,NA,NA,NA,NA,NA,NA,NA,NA,NA,27,21,30,8,8,21,NA,NA,NA,NA
22,0,67,0,1,BSBA,1,0,19,19,19,18,19,3.8,15.2,12,12,24,39.2,1,1,24,NA,NA,NA,NA,NA,NA,NA,NA,NA,9,22,10,9,9,22,NA,NA,NA,NA
23,0,71,0,1,Operations,5,1,25,16,16,16,16,3.2,12.8,1.5,0.7,2.2,15,0,0,2.2,NA,NA,NA,NA,NA,NA,NA,NA,NA,28,23,24,10,10,23,NA,NA,NA,NA
24,0,74,0,0,HPM,NA,1,23,16,16,12,16,3.2,12.8,6,0,6,18.8,4,1,6,NA,NA,NA,2,1,2,1,NA,NA,10,24,11,11,11,24,NA,NA,NA,NA
25,0,79,0,1,Toxicology,5,0,24,12,12,12,12,2.4,9.6,2,2,4,13.6,0,0,4,NA,NA,NA,1,2,1,2,NA,NA,29,25,25,12,12,25,NA,NA,NA,NA
26,0,81,0,0,Communications,5,1,21,11,11,11,11,2.2,8.8,2.5,7.5,10,18.8,0,0,10,NA,NA,NA,NA,NA,NA,NA,NA,NA,30,26,26,13,13,26,NA,NA,NA,NA
27,0,83,0,1,Political Science,4,0,20,15,15,9,15,3,12,3,1,4,16,6,1,4,NA,NA,NA,NA,NA,NA,NA,NA,NA,31,27,27,14,14,27,NA,NA,NA,NA
28,0,87,0,1,Philosophy,4,1,21,12,12,10,12,2.4,9.6,2.5,2,4.5,14.1,2,1,4.5,NA,NA,NA,NA,NA,NA,NA,NA,NA,11,28,12,15,15,28,NA,NA,NA,NA
29,0,89,0,1,Psychology,4,0,21,16,16,13,16,3.2,12.8,3,0,3,15.8,3,1,3,NA,NA,NA,NA,NA,NA,NA,NA,NA,32,29,13,16,16,29,NA,NA,NA,NA
30,0,93,0,1,Sociology,3,0,20,16,16,13,16,3.2,12.8,4.5,6,10.5,23.3,3,1,10.5,NA,NA,NA,NA,NA,NA,NA,NA,NA,12,30,14,17,17,30,NA,NA,NA,NA
31,0,96,0,1,Art,4,0,22,8,8,7,8,1.6,6.4,8,8,16,22.4,1,1,16,NA,NA,NA,NA,NA,NA,NA,NA,NA,33,31,28,18,18,31,NA,NA,NA,NA
32,1,64,0,0,NA,NA,0,23,8,8,4,8,1.6,6.4,1,0,1,7.4,4,1,1,NA,NA,NA,NA,NA,NA,NA,NA,NA,13,32,15,7,7,32,NA,NA,NA,NA
33,0,100,0,1,Business,3,1,20,16,16,8,16,3.2,12.8,3,0,3,15.8,8,1,3,NA,NA,NA,NA,NA,NA,NA,NA,NA,1,1,1,1,1,33,NA,NA,NA,NA
34,0,1,1,1,History of Philosophy,5,1,23,8,8,8,8,1.6,6.4,4,0,4,10.4,0,0,4,NA,NA,NA,NA,NA,NA,NA,NA,NA,9,2,2,17,35,1,NA,NA,NA,NA
35,0,4,1,1,Business,3,0,20,6,6,5,6,1.2,4.8,2,0,2,6.8,1,1,2,NA,NA,NA,NA,NA,NA,NA,NA,NA,2,3,3,18,17,2,NA,NA,NA,NA
36,0,6,1,1,Medicine,5,0,24,15,15,15,15,3,12,1.5,2.5,4,16,0,0,4,NA,NA,NA,NA,NA,NA,NA,NA,NA,10,4,14,19,18,3,NA,NA,NA,NA
37,0,9,1,1,Public Relations,3,0,20,5,5,5,5,1,4,4,3,7,11,0,0,7,NA,NA,NA,NA,NA,NA,NA,NA,NA,3,5,4,20,19,4,NA,NA,NA,NA
38,0,11,1,1,Psychology,3,1,19,12,12,12,12,2.4,9.6,3,5,8,17.6,0,0,8,NA,NA,NA,NA,NA,NA,NA,NA,NA,11,6,5,21,20,5,NA,NA,NA,NA
39,0,14,1,1,Business,3,1,20,7,7,6,7,1.4,5.6,1,0,1,6.6,1,1,1,NA,NA,NA,NA,NA,3,1,3,3,12,7,15,22,21,6,NA,NA,NA,NA
40,0,16,1,0,NA,NA,0,23,15,15,15,15,0.3,14.7,2,0,2,16.7,0,0,2,NA,NA,NA,NA,NA,2,2,2,2,13,8,16,23,22,7,NA,NA,NA,NA
41,0,20,1,1,Social Work,5,0,27,9,9,7,9,1.8,7.2,2,2,4,11.2,2,1,4,NA,NA,NA,NA,NA,1,3,1,1,14,9,17,24,23,8,NA,NA,NA,NA
42,0,23,1,1,Management,3,1,20,5,5,4,5,1,4,3,5,8,12,1,1,8,NA,NA,NA,NA,NA,NA,NA,NA,NA,15,10,18,25,24,9,NA,NA,NA,NA
43,0,25,1,1,BSBA,4,1,21,20,20,19,20,4,16,1,2,3,19,1,1,3,NA,NA,NA,NA,NA,NA,NA,NA,NA,4,11,6,26,25,10,NA,NA,NA,NA
44,0,28,1,0,Dramatic Arts & Communication,5,1,24,5,5,5,5,1,4,7.5,4,11.5,15.5,0,0,11.5,NA,NA,NA,NA,NA,NA,NA,NA,NA,16,12,7,27,26,11,NA,NA,NA,NA
45,0,31,1,1,Computer Science,3,1,19,11,11,7,11,2.2,8.8,6,6,12,20.8,4,1,12,NA,NA,NA,NA,NA,NA,NA,NA,NA,17,13,19,28,27,12,NA,NA,NA,NA
46,0,35,1,1,Journalism,3,1,19,12,12,12,12,2.4,9.6,3,5,8,17.6,0,0,8,NA,NA,NA,NA,NA,NA,NA,NA,NA,18,14,20,29,28,13,NA,NA,NA,NA
47,0,37,1,1,Economics,4,0,21,9,9,9,9,1.8,7.2,3,0,3,10.2,0,0,3,NA,NA,NA,NA,NA,NA,NA,NA,NA,19,15,21,30,29,14,NA,NA,NA,NA
48,0,40,1,1,Political Science,5,1,29,15,15,13,15,3,12,4,4,8,20,2,1,8,NA,NA,NA,NA,NA,NA,NA,NA,NA,20,16,35,31,30,15,NA,NA,NA,NA
49,0,42,1,1,Political Science,3,0,20,7,7,7,7,1.4,5.6,0.4,0,0.4,6,0,0,0.4,NA,NA,NA,NA,NA,NA,NA,NA,NA,5,17,8,32,31,16,NA,NA,NA,NA
50,0,46,1,1,Political Science,4,0,21,12,12,12,12,2.4,9.6,2,0,2,11.6,0,0,2,NA,NA,NA,NA,NA,NA,NA,NA,NA,21,18,9,33,32,17,NA,NA,NA,NA
51,1,49,1,1,English,4,1,21,9,9,9,9,1.8,7.2,1.8,0,1.8,9,0,0,1.8,NA,NA,NA,NA,NA,NA,NA,NA,NA,6,19,10,34,33,18,NA,NA,NA,NA
52,1,49,1,1,English,4,1,21,7,7,7,7,1.4,5.6,1.8,0,1.8,7.4,0,0,1.8,NA,NA,NA,NA,NA,NA,NA,NA,NA,22,20,22,2,2,19,NA,NA,NA,NA
53,0,55,1,1,Biology,4,1,21,12,12,10,12,2.4,9.6,6,0,6,15.6,2,1,6,NA,NA,NA,NA,NA,NA,NA,NA,NA,23,21,23,4,4,20,NA,NA,NA,NA
54,0,58,1,1,Environmental Sciences,3,0,20,10,10,10,10,2,8,3,2,5,13,0,0,5,NA,NA,NA,NA,NA,NA,NA,NA,NA,24,22,34,5,5,21,NA,NA,NA,NA
55,0,61,1,1,Nursing,3,0,20,15,15,15,15,3,12,3,0,3,15,0,0,3,NA,NA,NA,NA,NA,NA,NA,NA,NA,7,23,11,6,6,22,NA,NA,NA,NA
56,0,63,1,0,NA,NA,0,22,12,12,12,12,2.4,9.6,0,0,0,9.6,0,0,0,NA,NA,NA,NA,NA,NA,NA,NA,NA,25,24,24,7,7,23,NA,NA,NA,NA
57,0,68,1,1,Business,3,1,20,16,16,14,16,3.2,12.8,4.5,8,12.5,25.3,2,1,12.5,NA,NA,NA,NA,NA,NA,NA,NA,NA,8,25,12,8,8,24,NA,NA,NA,NA
58,0,70,1,1,Chemistry,4,0,21,11,11,11,11,2.2,8.8,4,2,6,14.8,0,0,6,NA,NA,NA,NA,NA,NA,NA,NA,NA,26,26,25,9,9,25,NA,NA,NA,NA
59,0,73,1,1,Chemistry,5,0,20,16,16,16,16,3.2,12.8,6,0,6,18.8,0,0,6,NA,NA,NA,NA,NA,NA,NA,NA,NA,27,27,26,10,10,26,NA,NA,NA,NA
60,0,76,1,1,Chemistry,2,1,19,15,15,8,15,3,12,1,2,3,15,7,1,3,NA,NA,NA,NA,NA,NA,NA,NA,NA,28,28,13,11,11,27,NA,NA,NA,NA
61,0,80,1,1,Nursing,4,0,21,15,15,14,15,3,12,2,2,4,16,1,1,4,NA,NA,NA,NA,NA,NA,NA,NA,NA,29,29,27,12,12,28,NA,NA,NA,NA
62,0,82,1,1,Economics,4,1,21,9,9,9,9,1.8,7.2,1,1,2,9.2,0,0,2,NA,NA,NA,NA,NA,NA,NA,NA,NA,30,30,28,13,13,29,NA,NA,NA,NA
63,0,85,1,1,Psychology,4,0,20,5,5,4,5,1,4,1.5,10,11.5,15.5,1,1,11.5,NA,NA,NA,NA,NA,NA,NA,NA,NA,31,31,29,14,14,30,NA,NA,NA,NA
64,0,88,1,1,Chemistry,3,0,20,13,13,11,13,2.6,10.4,6,10,16,26.4,2,1,16,NA,NA,NA,NA,NA,NA,NA,NA,NA,32,32,30,15,15,31,NA,NA,NA,NA
65,0,95,1,1,Math Education,3,1,22,13,13,13,13,2.6,10.4,8,8,16,26.4,0,0,16,NA,NA,NA,NA,NA,NA,NA,NA,NA,33,33,31,16,16,32,NA,NA,NA,NA
66,1,51,1,0,NA,0,0,52,4,4,4,4,0.8,3.2,0,0,0,3.2,0,0,0,NA,NA,NA,NA,NA,NA,NA,NA,NA,34,34,32,3,3,33,NA,NA,NA,NA
67,1,12,1,1,Psychology,3,0,20,13,13,13,13,2.6,10.4,1,0,1,11.4,0,0,1,NA,NA,NA,NA,NA,NA,NA,NA,NA,35,35,33,35,34,34,NA,NA,NA,NA
68,1,101,1,0,Business,3,1,20,6,6,6,6,1.2,4.8,1,0,1,5.8,0,0,1,NA,NA,NA,NA,NA,NA,NA,NA,NA,1,1,1,1,1,35,NA,NA,NA,NA
69,1,7,2,0,Political Science,5,1,22,17,17,15,17,3.4,13.6,12,10,22,35.6,2,1,22,NA,NA,NA,NA,NA,NA,NA,NA,NA,8,1,1,18,33,1,NA,NA,NA,NA
70,1,91,2,1,Japanese,2,1,20,17,17,10,17,3.4,13.6,15,5,20,33.6,7,1,20,NA,NA,NA,NA,NA,NA,NA,NA,NA,9,2,12,14,14,2,NA,NA,NA,NA
71,1,52,2,0,NA,5,0,22,8,8,2,8,1.6,6.4,12,12,24,30.4,6,1,24,NA,NA,NA,NA,NA,NA,NA,NA,NA,10,3,13,1,1,3,NA,NA,NA,NA
72,0,5,2,1,Biology/Psychology,2,0,18,16,16,16,16,3.2,12.8,3,0,3,15.8,0,0,3,NA,NA,NA,NA,NA,NA,NA,NA,NA,11,4,14,19,18,4,NA,NA,NA,NA
73,0,8,2,1,Communication Studies,4,0,22,15,15,14,15,3,12,2,10,12,24,1,1,12,NA,NA,NA,NA,NA,NA,NA,NA,NA,12,5,15,20,19,5,NA,NA,NA,NA
74,0,13,2,1,Chemistry,4,0,20,18,18,10,18,3.6,14.4,6,10,16,30.4,8,1,16,NA,NA,NA,NA,NA,NA,NA,NA,NA,13,6,16,21,20,6,NA,NA,NA,NA
75,0,17,2,1,Communications,4,0,21,14,14,9,14,2.8,11.2,0.5,3,3.5,14.7,5,1,3.5,NA,NA,NA,NA,NA,NA,NA,NA,NA,14,7,17,22,21,7,NA,NA,NA,NA
76,0,18,2,1,Communications,4,1,22,13,13,0,13,0.26,12.74,2,0,2,14.74,13,1,2,NA,NA,NA,NA,NA,NA,NA,NA,NA,15,8,18,23,22,8,NA,NA,NA,NA
77,0,22,2,0,NA,NA,0,23,13,13,13,13,2.6,10.4,6,6,12,22.4,0,0,12,NA,NA,NA,NA,NA,NA,NA,NA,NA,16,9,2,24,23,9,NA,NA,NA,NA
78,0,26,2,0,NA,NA,0,47,6,6,4,6,1.2,4.8,0.3,0,0.3,5.1,2,1,0.3,NA,NA,NA,NA,NA,NA,NA,NA,NA,17,10,19,25,24,10,NA,NA,NA,NA
79,0,27,2,1,Mathematics - Sociology,3,1,19,18,18,3,18,3.6,14.4,0.6,6,6.6,21,15,1,6.6,NA,NA,NA,NA,NA,NA,NA,NA,NA,18,11,20,26,25,11,NA,NA,NA,NA
80,0,30,2,1,History,2,1,20,7,7,7,7,1.2,5.8,2,3,5,10.8,0,0,5,NA,NA,NA,NA,NA,NA,NA,NA,NA,19,12,21,27,26,12,NA,NA,NA,NA
81,0,34,2,1,Music,2,1,19,12,12,8,12,2.4,9.6,8,4,12,21.6,4,1,12,NA,NA,NA,NA,NA,NA,NA,NA,NA,20,13,33,28,27,13,NA,NA,NA,NA
82,0,36,2,1,Biology,4,0,20,7,7,7,7,1.4,5.6,1.5,0,1.5,7.1,0,0,1.5,NA,NA,NA,NA,NA,NA,NA,NA,NA,1,14,3,29,28,14,NA,NA,NA,NA
83,0,38,2,1,Biology,4,0,21,20,20,15,20,4,16,6,5,11,27,5,1,11,NA,NA,NA,NA,NA,NA,NA,NA,NA,21,15,22,30,29,15,NA,NA,NA,NA
84,0,43,2,0,Accounting,4,1,36,14,14,13,14,2.8,11.2,6,4,10,21.2,1,1,10,NA,NA,NA,NA,NA,NA,NA,NA,NA,2,16,4,31,30,16,NA,NA,NA,NA
85,0,44,2,1,Public Policy,1,1,19,12,12,6,12,2.4,9.6,6,8,14,23.6,6,1,14,NA,NA,NA,NA,NA,NA,NA,NA,NA,22,17,23,32,31,17,NA,NA,NA,NA
86,0,48,2,1,Business,4,1,21,13,13,9,13,2.6,10.4,6,5,11,21.4,4,1,11,NA,NA,NA,NA,NA,NA,NA,NA,NA,23,18,24,33,32,18,NA,NA,NA,NA
87,0,54,2,0,NA,NA,0,28,4,4,3,4,0.8,3.2,4,6,10,13.2,1,1,10,NA,NA,NA,NA,NA,NA,NA,NA,NA,24,19,25,2,2,19,NA,NA,NA,NA
88,0,57,2,1,Environmental Sciences,3,0,19,13,13,11,13,2.6,10.4,3,1,4,14.4,2,1,4,NA,NA,NA,NA,NA,NA,NA,NA,NA,25,20,5,3,3,20,NA,NA,NA,NA
89,0,60,2,1,Political Science,4,1,23,13,13,13,13,2.6,10.4,6,5,11,21.4,0,0,11,NA,NA,NA,NA,NA,NA,NA,NA,NA,26,21,6,4,4,21,NA,NA,NA,NA
90,0,66,2,1,Business,2,1,19,12,12,9,12,2.4,9.6,1.5,4,5.5,15.1,3,1,5.5,NA,NA,NA,NA,NA,NA,NA,NA,NA,3,22,7,5,5,22,NA,NA,NA,NA
91,0,69,2,1,Economics,4,0,21,18,18,15,18,3.6,14.4,1.5,3,4.5,18.9,3,1,4.5,NA,NA,NA,NA,NA,NA,NA,NA,NA,27,23,26,6,6,23,NA,NA,NA,NA
92,0,72,2,1,Business,3,0,20,10,10,7,10,2,8,2,0,2,10,3,1,2,NA,NA,NA,NA,NA,NA,NA,NA,NA,4,24,8,7,7,24,NA,NA,NA,NA
93,0,75,2,1,Sociology,3,0,20,3,3,1,3,0.6,2.4,4,5,9,11.4,2,1,9,NA,NA,NA,NA,NA,NA,NA,NA,NA,28,25,27,8,8,25,NA,NA,NA,NA
94,0,77,2,1,Nursing,3,0,20,13,13,10,13,2.6,10.4,6,8,14,24.4,3,1,14,NA,NA,NA,NA,NA,NA,NA,NA,NA,5,26,9,9,9,26,NA,NA,NA,NA
95,0,78,2,0,Education,5,0,38,11,11,11,11,2.2,8.8,2,0,2,10.8,0,0,2,NA,NA,NA,NA,NA,NA,NA,NA,NA,29,27,28,10,10,27,NA,NA,NA,NA
96,0,84,2,1,Political Science,3,0,21,16,16,5,16,3.2,12.8,9,8,17,29.8,11,1,17,NA,NA,NA,NA,NA,NA,NA,NA,NA,6,28,10,11,11,28,NA,NA,NA,NA
97,0,86,2,1,Sociology,3,0,19,14,14,10,14,2.8,11.2,4,8,12,23.2,4,1,12,NA,NA,NA,NA,NA,NA,NA,NA,NA,30,29,29,12,12,29,NA,NA,NA,NA
98,0,90,2,1,Economics,4,1,21,17,17,4,17,3.4,13.6,7.5,10,17.5,31.1,13,1,17.5,NA,NA,NA,NA,NA,NA,NA,NA,NA,31,30,30,13,13,30,NA,NA,NA,NA
99,0,92,2,1,Economics,4,1,21,16,16,14,16,3.2,12.8,3.5,6,9.5,22.3,2,1,9.5,NA,NA,NA,NA,NA,NA,NA,NA,NA,32,31,32,15,15,31,NA,NA,NA,NA
100,0,94,2,1,Political Science,4,1,22,11,11,11,11,2.2,8.8,3,2,5,13.8,0,0,5,NA,NA,NA,NA,NA,NA,NA,NA,NA,7,32,11,16,16,32,NA,NA,NA,NA
101,0,97,2,0,NA,5,0,28,16,16,12,16,3.2,12.8,2.7,6,8.7,21.5,4,1,8.7,NA,NA,NA,NA,NA,NA,NA,NA,NA,33,33,31,17,17,33,NA,NA,NA,NA
